{
  "Profiles": [
    {
      "Name": "Dotfiles Default",
      "Guid": "dotfiles-default-profile",
      "Dynamic Profile Parent Name": "Default",
      "Badge Text": "",
      
      "Ansi 0 Color": {
        "Red Component": 0.078431372549019607,
        "Green Component": 0.09803921568627451,
        "Blue Component": 0.11764705882352941
      },
      "Ansi 1 Color": {
        "Red Component": 0.8784313725490196,
        "Green Component": 0.24313725490196078,
        "Blue Component": 0.30980392156862746
      },
      "Ansi 2 Color": {
        "Red Component": 0.6392156862745098,
        "Green Component": 0.7490196078431373,
        "Blue Component": 0.3176470588235294
      },
      "Ansi 3 Color": {
        "Red Component": 0.9372549019607843,
        "Green Component": 0.7215686274509804,
        "Blue Component": 0.3176470588235294
      },
      "Ansi 4 Color": {
        "Red Component": 0.3137254901960784,
        "Green Component": 0.5686274509803921,
        "Blue Component": 0.8352941176470589
      },
      "Ansi 5 Color": {
        "Red Component": 0.7372549019607844,
        "Green Component": 0.43137254901960786,
        "Blue Component": 0.8392156862745098
      },
      "Ansi 6 Color": {
        "Red Component": 0.3607843137254902,
        "Green Component": 0.7529411764705882,
        "Blue Component": 0.7686274509803922
      },
      "Ansi 7 Color": {
        "Red Component": 0.8431372549019608,
        "Green Component": 0.8549019607843137,
        "Blue Component": 0.8784313725490196
      },
      "Ansi 8 Color": {
        "Red Component": 0.3254901960784314,
        "Green Component": 0.33725490196078434,
        "Blue Component": 0.3607843137254902
      },
      "Ansi 9 Color": {
        "Red Component": 0.9372549019607843,
        "Green Component": 0.3411764705882353,
        "Blue Component": 0.4
      },
      "Ansi 10 Color": {
        "Red Component": 0.7333333333333333,
        "Green Component": 0.8431372549019608,
        "Blue Component": 0.40784313725490196
      },
      "Ansi 11 Color": {
        "Red Component": 0.9882352941176471,
        "Green Component": 0.803921568627451,
        "Blue Component": 0.43137254901960786
      },
      "Ansi 12 Color": {
        "Red Component": 0.4549019607843137,
        "Green Component": 0.6784313725490196,
        "Blue Component": 0.9176470588235294
      },
      "Ansi 13 Color": {
        "Red Component": 0.8313725490196079,
        "Green Component": 0.5294117647058824,
        "Blue Component": 0.9333333333333333
      },
      "Ansi 14 Color": {
        "Red Component": 0.5058823529411764,
        "Green Component": 0.8392156862745098,
        "Blue Component": 0.8549019607843137
      },
      "Ansi 15 Color": {
        "Red Component": 0.9529411764705882,
        "Green Component": 0.9647058823529412,
        "Blue Component": 0.9882352941176471
      },
      "Background Color": {
        "Red Component": 0.11764705882352941,
        "Green Component": 0.12156862745098039,
        "Blue Component": 0.14901960784313725
      },
      "Foreground Color": {
        "Red Component": 0.8431372549019608,
        "Green Component": 0.8549019607843137,
        "Blue Component": 0.8784313725490196
      },
      "Cursor Color": {
        "Red Component": 0.8431372549019608,
        "Green Component": 0.8549019607843137,
        "Blue Component": 0.8784313725490196
      },
      "Cursor Text Color": {
        "Red Component": 0.11764705882352941,
        "Green Component": 0.12156862745098039,
        "Blue Component": 0.14901960784313725
      },
      "Selection Color": {
        "Red Component": 0.25098039215686274,
        "Green Component": 0.26666666666666666,
        "Blue Component": 0.33725490196078434
      },
      
      "Normal Font": "MesloLGS-NF-Regular 13",
      "Non Ascii Font": "MesloLGS-NF-Regular 13",
      "Use Non-ASCII Font": false,
      "Horizontal Spacing": 1,
      "Vertical Spacing": 1,
      "Use Bold Font": true,
      "Use Italic Font": true,
      "ASCII Anti Aliased": true,
      
      "Transparency": 0.05,
      "Blur": true,
      "Blur Radius": 2,
      "Columns": 120,
      "Rows": 35,
      
      "Scrollback Lines": 10000,
      "Unlimited Scrollback": false,
      "Terminal Type": "xterm-256color",
      "Silence Bell": true,
      "Visual Bell": false,
      
      "Cursor Type": 0,
      "Blinking Cursor": true,
      "Cursor Boost": 0.5,
      
      "Option Key Sends": 2,
      "Right Option Key Sends": 2,
      
      "Close Sessions On End": false,
      "Prompt Before Closing 2": 0
    }
  ]
}
